amu_cairo,EG,Abdelmohsen,SHERIFMORAD@aucegypt.edu,https://www.aucegypt.edu/fac/sherifabdelmohsen
amu_cairo,EG,El-Kadi,elkadi@aucegypt.edu,https://www.aucegypt.edu/fac/amrel-kadi
amu_cairo,EG,Salama,CHERIF.SALAMA@AUCEGYPT.EDU,https://www.aucegypt.edu/fac/cherif-salama
amu_cairo,EG,Shalan,mshalan@aucegypt.edu,https://www.aucegypt.edu/fac/mohamedshalan
amu_cairo,EG,Abou-Auf,aabouauf@aucegypt.edu,https://www.aucegypt.edu/fac/ahmedabou-auf
amu_cairo,EG,Amer ,hamer@aucegypt.edu,https://www.aucegypt.edu/fac/hassaneinamer
amu_cairo,EG,Ismail ,y.ismail@aucegypt.edu,https://www.aucegypt.edu/fac/yeheaismail
